{"当前职位": "unk", "教育工作履历": "unk", "奖项成就": "unk", "个人简介": "unk", "id": 83183, "chunk_index": 1, "url": "https://xueshu.baidu.com/scholarID/CN-B975Q1LJ", "name": "钱战森", "institute": "中国航空工业集团公司沈阳空气动力研究所", "main_info": 0}
{"当前职位": "气动院副院长", "教育工作履历": "unk", "奖项成就": "unk", "个人简介": "unk", "id": 83183, "chunk_index": 1, "url": "https://ses.ustc.edu.cn/2022/0812/c1718a564065/page.htm", "name": "钱战森", "institute": "中国航空工业集团公司沈阳空气动力研究所", "main_info": 0}
{"当前职位": "中国航空工业空气动力研究院副院长/研究员", "教育工作履历": "北京航空航天大学流体力学学士和博士", "奖项成就": "辽宁省沈阳市五一劳动奖章、中国航空工业集团有限公司科技进步奖", "个人简介": "主要从事计算流体力学和航空飞行器多学科模拟研究。中国空气动力学会常务理事、计算空气动力学专委会副主任，中国航空学会直升机专委会委员，中国力学学会流体力学专委会工业流体力学专业组成员，航天三网内外流一体化技术专委会委员，国防科技工业航空技术创新中心技术委员会成员，航空工业特级技术专家，《气动研究与实验》期刊执行主编。申报专利10余项，发表论文10余篇。", "id": 83183, "chunk_index": 1, "url": "http://www.caep-scns.ac.cn/HPCMid-2021-766.php", "name": "钱战森", "institute": "中国航空工业集团公司沈阳空气动力研究所", "main_info": 0}
{"当前职位": "技术研发总监", "教育工作履历": "unk", "奖项成就": "unk", "个人简介": "unk", "id": 102294, "chunk_index": 1, "url": "https://www.gupiaozhishiba.com/article/65907129.html", "name": "宋爱刚", "institute": "山东鲁抗医药集团有限公司", "main_info": 0}
{"当前职位": "公司总经理", "教育工作履历": "unk", "奖项成就": "unk", "个人简介": "unk", "id": 102294, "chunk_index": 1, "url": "https://q.stock.sohu.com/cn,gg,600789,1485177210.shtml", "name": "宋爱刚", "institute": "山东鲁抗医药集团有限公司", "main_info": 0}
{"当前职位": "unk", "教育工作履历": "unk", "奖项成就": "unk", "个人简介": "李文锋，河南省科学院化学研究所有限公司", "id": 99122, "chunk_index": 1, "url": "https://xueshu.baidu.com/scholarID/CN-BXG9BEMK", "name": "李文锋", "institute": "河南科学院化学研究所有限公司", "main_info": 0}
{"当前职位": "学研究所所长", "教育工作履历": "河南大学、河南工业大学和中原工学院兼职教授", "奖项成就": "河南省青年科技奖获得者 河南省科技进步一奖2项 河南省科技进步二、三等奖12项", "个人简介": "享受国务院特殊津贴专家，河南省委省政府优秀专家，河南省首批聘任二级正高职称。承担完成国家和河南省各类科研项目近30项，发表学术论文50篇，授权发明专利6件，出版学术著作2本；郑州大学和郑州轻工学院省重点实验室学术委员；《化学研究》、《河南科学》和《河南化工》杂志编委；河南省化学学会副理事长，河南省石油和化学工业协会副理事长，中国腐植酸工业协会常务理事，国家科学技术奖评审专家，河南省科技进步奖和河南省自然科学研究系列高级职称评委，河南省科协七届常委。委，河南省科协七届常委。", "id": 99122, "chunk_index": 1, "url": "https://www.chemsoc.org.cn/award/apply/committee/?id=256", "name": "李文锋", "institute": "河南科学院化学研究所有限公司", "main_info": 0}
{"当前职位": "unk", "教育工作履历": "unk", "奖项成就": "全国劳动模范 最美新乡人 河南省第二届最美环保人物 河南省优秀共产党员", "个人简介": "一零年十月至二零一六年四月出任河南心连心化肥有限公司四分公司厂长。月至二零一零年十月任河南心连心化肥有限公司二分公司经理；二零一零年十月至二零一七年七月任河南心连心化肥有限公司总经理助理。任河南心连心化肥有限公司营销中心总经理；二零一六年四月至二零一七年七月任河南心连心化肥有限公司总经理助理兼营销中心总经理；二零一七年七月至二零二零年十月任河南心连心化学工业集团股份有限公司总经理助理。一五年十月至二零一六年三月任新疆心连心能源化工有限公司常务副总经理；二零一六年四月至二零一七年六月任新疆心连心能源化工有限公司总经理助理兼新疆公司常务副总经理；二零一七年七月至二零二零年十月任河南心连心化至二零二零年十月任河南心连心化肥有限公司总经理助理兼新疆公司总经理。连心化肥有限公司总经理办公室主任；二零一七年七月至二零一九年六月任河南心连心化肥公司董事会秘书；二零一九年六月至二零二零年十月任河南心连心化学工业集团股份有限公司总经理助理。", "id": 95677, "chunk_index": 1, "url": "https://www.hnxlx.com.cn/index.php/About/team/cid/154", "name": "王攀", "institute": "河南心连心化学工业集团股份有限公司", "main_info": 0}
{"当前职位": "董事", "教育工作履历": "2016年6月30日毕业于铜陵学院电子信息工程系", "奖项成就": "unk", "个人简介": "女，1994年10月2日生于安徽省黄山市，本科学历，2016年6月30日毕业于铜陵学院电子信息工程系；2016.07.01-至今在黄山市光锐通信股份有限公司任行政主管。", "id": 118489, "chunk_index": 1, "url": "http://basic.10jqka.com.cn/872339/company.html", "name": "吴娇", "institute": "黄山市光锐通信股份有限公司", "main_info": 0}
{"当前职位": "unk", "教育工作履历": "unk", "奖项成就": "unk", "个人简介": "国民营企业500强创新型企业创新型试点企业创新型领军企业国家火炬计划项目潜在独角兽企业", "id": 118489, "chunk_index": 1, "url": "https://www.qichamao.com/orgcompany/searchitemdtl/0c112a04268c8f88672d9a2610460143.html", "name": "吴娇", "institute": "黄山市光锐通信股份有限公司", "main_info": 0}
{"当前职位": "项目部经理", "教育工作履历": "unk", "奖项成就": "unk", "个人简介": "unk", "id": 102379, "chunk_index": 1, "url": "https://www.ccf.com.cn/newscenter/detail-110000-2023032900015.shtml", "name": "唐君英", "institute": "江苏福昌环保科技集团有限公司", "main_info": 0}
{"当前职位": "福建百宏聚纤科技有限公司营销总经理", "教育工作履历": "unk", "奖项成就": "unk", "个人简介": "2012年—2016年间，集团投研中心专员，负责项目信息收集与处理，科研项目申报、知识产权管理等工作；2019年—2021年间，负责集团各分公司前期调研立项等工作，多次参与国家、省、市项目管理，参与推动了多项团体标准的修订工作及苯甲酸的行业标准制定", "id": 102379, "chunk_index": 1, "url": "https://www.baidu.com/link?url=JGPDYTgZB_baErflNnQuD_mZxBCDAaTJh4bogIARgPP5sHqm9YP7QdHcBDF6fCSL&wd=&eqid=ba83e37b00366240000000036472f81c", "name": "唐君英", "institute": "江苏福昌环保科技集团有限公司", "main_info": 0}
{"当前职位": "unk", "教育工作履历": "unk", "奖项成就": "3名科技人员获“陕西省青年科技新星”称号", "个人简介": "研究院下设四个职能部门和十二个直属科研单位，院党委下设五个党支部。现有各类专业技术人员417人，博士后5名，博士40名，硕士220名，本科87。按职称统计，正高职称6名，高级职称105名，中级职称174名，初级职称74人，中级以上职称人员占总人数的68％以上；按学历统计，博士后5名，博士49名， 统计，博士后5名，博士49名，硕士263名，本科93名，本科以上学历人员达到98％以上。在学科建设和科研攻关过程中，形成了钻井、压裂、油藏地质等优秀学科团队， 4名技术人员加入集团公司“三秦学者科研工作站”，3名科技人员获“陕西省青年科技新星”称号。", "id": 95842, "chunk_index": 1, "url": "https://www.baidu.com/link?url=3z-ystX0Tv4rsYDXkdL_ERxn1aHXuLTRLQu5IEn1Ed23Vgf1m1DwUjrt9gZanfcMawD_EY0WMTJ3x5_ltwq7GOLHxj15_Dc3r94HP5II-I3Qf5x4woXLSdlal3WeRh-i8BtZm0mHRpSCHs6J_LYuX_&wd=&eqid=fd909f7c00002fb6000000036472f8b2", "name": "闫鹏", "institute": "陕西延长石油（集团）有限责任公司研究院", "main_info": 0}
{"当前职位": "unk", "教育工作履历": "unk", "奖项成就": "unk", "个人简介": "袁东明，团队成员之一，从事集成电路设计、MEMS 器件等研究，专注于射频前端芯片设计及射频模组技术，在射频前端领域取得了众多突破性科研成果并成功产业化，曾多次参加半导体行业论坛并发表主题演讲及学术报告，核心基础理论与关键技术发表在IEEE Transactions on Microwave Theory and Technique等行业顶尖期刊上，知识产权专利50余项，获北京市科学技术奖等多个省部级奖项。", "id": 129469, "chunk_index": 1, "url": "https://see.bupt.edu.cn/info/1006/2359.htm", "name": "袁东明", "institute": "北京邮电大学", "main_info": 0}
{"当前职位": "中国航天科技集团五院510所真空计量技术研究中心主任", "教育工作履历": "unk", "奖项成就": "国家技术发明二等奖1 项 国防科技进步一等奖1项 国防技术发明二等奖2项 国防科技进步三等奖2项 甘肃省科技进步一等奖2项 中国计量测试学会科一等奖2项", "个人简介": "成永军研究员一直以来从事真空计量学领域的实验研究工作", "id": 122281, "chunk_index": 1, "url": "https://baike.baidu.com/item/%E6%88%90%E6%B0%B8%E5%86%9B/2760579?fr=aladdin", "name": "成永军", "institute": "兰州空间技术物理研究所", "main_info": 0}
{"当前职位": "unk", "教育工作履历": "unk", "奖项成就": "首届陈嘉庚青年科学奖", "个人简介": "长期从事真空计量基础科学研究，攻克了多项基础理论难题，取得了具有国际先进和国际领先水平的创新性成果。因其在真空计量及航天应用领域做出了显著贡献，2010年被授予“中国空间技术研究院十大杰出青年”称号。他曾获国防科技进步一等奖1项，国防技术发明二等奖1项，国防科技进步三等奖2项，甘肃省科技进步一等奖1项；在J.Vac.Sci.Technol.A、Mea.Sci.Technol、VACUUM、MAPAN、真空 VACUUM、MAPAN、真空科学与技UM、MAPAN、真空科学与技术学报等国内外知名学术期刊上发表论文50余篇；申报国家发明专利18项，目前已授权14项。", "id": 122281, "chunk_index": 1, "url": "http://www.lipcast.cn/articles/2012/02/20/article_10066_12821_1.html", "name": "成永军", "institute": "兰州空间技术物理研究所", "main_info": 0}
{"当前职位": "国防科技工业真空一级计量站常务副站长、中国航天科技集团有限公司五院510所真空计量技术研究中心主任", "教育工作履历": "unk", "奖项成就": "入选国家“万人计划”科技创新领军人才、科技部创新人才推进计划“中青年科技创新领军人才”、中国航天科技集团学术技术带头人、中国空间技术研究院（航天五院）首席研究员", "个人简介": "博士，研究员，博士生导师。长期从事真空计量测试技术及仪器研究，中国计量测试学会理事兼真空计量专业委员会副主任委员、中国真空学会理事兼质谱分析和检漏专业委员会委员、学术秘书。", "id": 122281, "chunk_index": 1, "url": "http://zkkx.cbpt.cnki.net/WKE/WebPublication/wkTextContent.aspx?contentID=d2df02bc-aa55-4fbd-9275-54758747a388", "name": "成永军", "institute": "兰州空间技术物理研究所", "main_info": 0}
{"当前职位": "unk", "教育工作履历": "unk", "奖项成就": "国家级科技奖励15项 国家科技进步特等奖4项 国家科技进步一等奖4项 国家技术发明二等奖1项 国家科技进步二等奖5项 国家科技进步三等奖1项", "个人简介": "拥有1个博士后工作站（电子科学与技术个博士后工作站（电子科学与技术）、1个博士学位授予点（电子科学与技术）和2个硕士学位授予点（电子科学与技术、制冷及低温工程）。现有博士生导师14人，硕士生导师43人，其中包括中国工程院院士、国家“百千万人才工程”入选专家、国家“万人计划”科技创新领军人才、国家“创新人才推进计划”中青年科技创新领军人才、甘肃省拔尖领军人才等国内外知名专家。", "id": 122281, "chunk_index": 1, "url": "http://www.lipcast.cn/articles/2023/01/16/article_10142_13959_1.html", "name": "成永军", "institute": "兰州空间技术物理研究所", "main_info": 0}
{"当前职位": "unk", "教育工作履历": "unk", "奖项成就": "教育部高等学校科学研究优秀成果奖(科学技术)自然科学二等奖(排名5)，湖北省科学技术奖", "个人简介": "理学博士，副教授，硕士生导师，主持并完成国家级项目2项，省部级项目2项，在JAP，IME，JMAA等杂志上发表论文数篇。招生方向：随机分析和大偏差理论及其在金融保险中的应用", "id": 78028, "chunk_index": 2, "url": "https://mp.weixin.qq.com/s?__biz=MzI5Mjk2MTI1Nw==&mid=2247576230&idx=1&sn=74310ce3be129b7688a1d88f4b055cc4&chksm=ec7a8420db0d0d36ba32d6ab53a203d2e48b4b052839c70c8f206a9f34af249982b3751e0d0d&scene=27", "name": "严钧", "institute": "扬州大学", "main_info": 0}
{"当前职位": "unk", "教育工作履历": "2012年毕业于中国科学院数学与系统科学研究院，获博士学位；2013年至2016年在美国爱荷华大学从事生物统计方法的博士后研究工作", "奖项成就": "unk", "个人简介": "黄健飞，理学博士，副教授，校特聘教授，硕士生导师。已主持完成国家自然科学基金2项，在研2项。已以第一作者或通讯作者身份在Genetics和Applied Numerical Mathematics等国际著名SCI期刊发表论文30多篇。目前担任中国仿真学会仿真算法专业委员会委员、江苏省计算数学学会常务理事、美国《数学评论》评论员、Inter.J.Model.Simul.Sci.Comput。", "id": 78028, "chunk_index": 3, "url": "https://mp.weixin.qq.com/s?__biz=MzI5Mjk2MTI1Nw==&mid=2247576230&idx=1&sn=74310ce3be129b7688a1d88f4b055cc4&chksm=ec7a8420db0d0d36ba32d6ab53a203d2e48b4b052839c70c8f206a9f34af249982b3751e0d0d&scene=27", "name": "严钧", "institute": "扬州大学", "main_info": 0}
{"当前职位": "unk", "教育工作履历": "1986年毕业于哈尔滨师范大学数学系。2005年任副教授。主讲过的课程有《高等数学》、《线性代数》、《概率论与数理统计》等。2006.03-2009.03于浙江大学理学院攻读理学博士学位", "奖项成就": "2002年获扬州大学“优秀课堂教学质量奖”三等奖，2004年在扬州大学数学科学学院“优秀讲稿评比”中获一等奖。2005年获扬州大学...", "个人简介": "unk", "id": 78028, "chunk_index": 1, "url": "http://school.freekaoyan.com/js/yzu/daoshi/2021/03-06/16150319381369678.shtml", "name": "严钧", "institute": "扬州大学", "main_info": 0}
{"当前职位": "unk", "教育工作履历": "unk", "奖项成就": "unk", "个人简介": "-01-18经营期限：10年经营状态：在业成立时间：2007年05月25日职员人数：50人注册资本", "id": 125743, "chunk_index": 1, "url": "https://www.11467.com/suzhou/co/260950.htm", "name": "任国强", "institute": "苏州纳维科技有限公司", "main_info": 0}
{"当前职位": "unk", "教育工作履历": "物理学院2019级本科生", "奖项成就": "unk", "个人简介": "中共党员，现任校学生会执行主席，党委学工部学生助理，应用物理学党支部副书记，班长。参加中共中央组织部、教育部联合举办的“全国大学生新党员培训示范班”，并作为全国唯一本科生代表在闭幕式上做主题发言，向全国的大学生展现了科大风采，实实在在地体现了“荣校”！", "id": 118559, "chunk_index": 1, "url": "https://mp.weixin.qq.com/s?__biz=MjM5NDE5NTE5MQ==&mid=2650197118&idx=1&sn=549fbf6b3de13c6698807fb9316b4ef6&chksm=be891fe689fe96f0d7efcc1fdfecd7529fef2681f12b16e0767dc369fe757b88246eb5d361a9&scene=27", "name": "徐博", "institute": "湖南科技大学", "main_info": 0}
{"当前职位": "unk", "教育工作履历": "unk", "奖项成就": "2010年指导徐博湖南科技大学师范类实习生讲课比赛十佳选手", "个人简介": "969年3月生，浙江宁波人，中共党员，教授，硕士生导师，国家级健身操指导员，湖南科技大学魅力教师，现任湖南科技大学潇湘学院副院长。主要研究领域为“体育心理”、“奥林匹克运动”、“全民健身”。", "id": 118559, "chunk_index": 1, "url": "http://school.freekaoyan.com/hn/hnust/daoshi/2021/08-28/16301571091526855.shtml", "name": "徐博", "institute": "湖南科技大学", "main_info": 0}
{"当前职位": "unk", "教育工作履历": "unk", "奖项成就": "unk", "个人简介": "吴剑主持高效低风险农药学科创新引智基地建设，构建了绿色农药创制平台，发现10余个农药新先导，研发出乙蒜素的清洁工艺1条，获农药登记并建成年产3000吨的原药生产线1条，近三年生产销售突破5000余万元。实现了创新药“香草硫缩病醚”年产300吨中试生产线建设和产业化。吴剑以“立德树人”为根本，出版专著及教材5部并用于教学，其中《农药合成》为农业部“十二五”规划教材，被10余所高等院校和涉农综合性大学采用；建设的《农药化学》入选全国课程思政示范课，深度参与建设绿色农药生产及试验示范实践基地", "id": 82593, "chunk_index": 1, "url": "https://baijiahao.baidu.com/s?id=1720659805186452680&wfr=spider&for=pc", "name": "吴剑", "institute": "贵州大学", "main_info": 0}
{"当前职位": "精细化工研究开发中心副主任", "教育工作履历": "unk", "奖项成就": "团队负责的项目《新型植物免疫诱抗剂“氟苄硫缩诱醚”的开发及应用》获得了主赛道全国一等奖", "个人简介": "吴剑，精细化工研究开发中心副主任", "id": 82593, "chunk_index": 1, "url": "http://news.gzu.edu.cn/2022/0509/c11068a170085/page.htm", "name": "吴剑", "institute": "贵州大学", "main_info": 0}
{"当前职位": "unk", "教育工作履历": "贵州大学6吴剑博士1981.12副教授农药学绿色农药设计、合成及靶标发现与作用机制研究", "奖项成就": "unk", "个人简介": "unk", "id": 82593, "chunk_index": 1, "url": "http://fcc.gzu.edu.cn/4235/list.htm", "name": "吴剑", "institute": "贵州大学", "main_info": 0}
{"当前任职": "unk", "教育工作履历": "unk", "成就奖项": "unk", "个人简介": "unk", "id": 83183, "chunk_index": 1, "url": "https://xueshu.baidu.com/scholarID/CN-B975Q1LJ", "name": "钱战森", "institute": "中国航空工业集团公司沈阳空气动力研究所", "main_info": 0}
{"当前任职": "气动院副院长", "教育工作履历": "unk", "成就奖项": "unk", "个人简介": "气动院副院长钱战森", "id": 83183, "chunk_index": 1, "url": "https://ses.ustc.edu.cn/2022/0812/c1718a564065/page.htm", "name": "钱战森", "institute": "中国航空工业集团公司沈阳空气动力研究所", "main_info": 0}
{"当前任职": "中国航空工业空气动力研究院副院长/研究员", "教育工作履历": "北京航空航天大学流体力学学士和博士。", "成就奖项": "辽宁省沈阳市五一劳动奖章、中国航空工业集团有限公司科技进步奖。基础科研、总装、空装、集团公司预研项目，曾获部级二等奖两次，并在型号研制中个人立二等功一次，申报专利10余项，发表论文10余篇。", "个人简介": "主要从事计算流体力学和航空飞行器多学科模拟研究。中国空气动力学会常务理事、计算空气动力学专委会副主任，中国航空学会直升机专委会委员，中国力学学会流体力学专委会工业流体力学专业组成员，航天三网内外流一体化技术专委会委员，国防科技工业航空技术创新中心技术委员会成员，航空工业特级技术专家，《气动研究与实验》期刊执行主编。", "id": 83183, "chunk_index": 1, "url": "http://www.caep-scns.ac.cn/HPCMid-2021-766.php", "name": "钱战森", "institute": "中国航空工业集团公司沈阳空气动力研究所", "main_info": 0}
{"当前任职": "技术研发总监", "教育工作履历": "unk", "成就奖项": "unk", "个人简介": "unk", "id": 102294, "chunk_index": 1, "url": "https://www.gupiaozhishiba.com/article/65907129.html", "name": "宋爱刚", "institute": "山东鲁抗医药集团有限公司", "main_info": 0}
{"当前任职": "公司总经理", "教育工作履历": "unk", "成就奖项": "unk", "个人简介": "简历附后", "id": 102294, "chunk_index": 1, "url": "https://q.stock.sohu.com/cn,gg,600789,1485177210.shtml", "name": "宋爱刚", "institute": "山东鲁抗医药集团有限公司", "main_info": 0}
{"当前任职": "unk", "教育工作履历": "unk", "成就奖项": "unk", "个人简介": "ScholarID:CN-BXG9BEMK河南省科学院化学研究所有限公司被引频次28成果数22H指数3G指数5领域:化学期刊63.6%会议36.4%专著0%其它0%总计22篇期刊63.6%(共14篇)中国科技核心12", "id": 99122, "chunk_index": 1, "url": "https://xueshu.baidu.com/scholarID/CN-BXG9BEMK", "name": "李文锋", "institute": "河南科学院化学研究所有限公司", "main_info": 0}
{"当前任职": "黄山市光锐通信股份有限公司董事长、总经理", "教育工作履历": "本科学历，2016年6月30日毕业于铜陵学院电子信息工程系", "成就奖项": "unk", "个人简介": "吴娇，女，1994年10月2日生于安徽省黄山市，本科学历，2016年6月30日毕业于铜陵学院电子信息工程系；2016.07.01-至今在黄山市光锐通信股份有限公司任行政主管。", "id": 118489, "chunk_index": 1, "url": "http://basic.10jqka.com.cn/872339/company.html", "name": "吴娇", "institute": "黄山市光锐通信股份有限公司", "main_info": 0}
{"当前任职": "江苏福昌环保科技集团有限公司项目部经理", "教育工作履历": "unk", "成就奖项": "unk", "个人简介": "唐君英为我们带来报告《“双碳”政策下—PTA氧化残渣资源利用技术探", "id": 102379, "chunk_index": 1, "url": "https://www.ccf.com.cn/newscenter/detail-110000-2023032900015.shtml", "name": "唐君英", "institute": "江苏福昌环保科技集团有限公司", "main_info": 0}
{"当前任职": "福建百宏聚纤科技有限公司营销总经理", "教育工作履历": "unk", "成就奖项": "unk", "个人简介": "于南京大学并入职仪征化纤公司，长期从事聚酯产业链市场分析研究；2005年起进入中国石化化工销售有限公司，负责合成纤维及原料产品的市场营销管理，历任合成纤维处处长、法律风控部经理；现任商情研究室经理，负责化工市场分析研究工作，正高级经济师。 股份有限公司任职业务助理、长、短纤、切片业务，长纤外销课长、产销物流、研发高专，长纤业务经理、业务副总经理主责长、短纤切片内、外销市场营销、研发及分管翔鹭化纤海城工厂，大宗原料采购、贸易及期货交易。2015任职腾龙特种树酯有限公司（瓶片）、翔鹭化纤厦门及海城公司（长、短纤）总经理，全面负责三家公司的运营与管理。2016年4月至今任职福建百宏聚纤科技有限公司营销总经理，同年7月立项创建越南百宏实业有限公司，运作百宏集团越南70万吨聚酯项目的申报、建设与运营。2017年主导并申报越南项目成为2017年中越产能合作项目（暨一带一路签约重点项目）", "id": 102379, "chunk_index": 1, "url": "https://www.baidu.com/link?url=BHkSKuMqnFKwGRqfONTfoMgH7-zLaYWIan7hbMPsqB-MqUDz5-h1B6X4i7byQlC5&wd=&eqid=cd4713f00000204b0000000364732a67", "name": "唐君英", "institute": "江苏福昌环保科技集团有限公司", "main_info": 0}
{"当前任职": "中国航天科技集团五院510所真空计量技术研究中心主任", "教育工作履历": "unk", "成就奖项": "国家技术发明二等奖1 项，国防科技进步一等奖1项，国防技术发明二等奖2项，国防科技进步三等奖2项，甘肃省科技进步一等奖2项，中国计量测试学会科一等奖2项，中国计量测试学会科", "个人简介": "男，1975年生，博士，研究员，博士生导师[4]。长期从事真空计量测试技术及仪器研究，研制的多台/套真空计量标准及仪器在军民领域获得广泛应用。研究成果获国家技术发明二等奖1 项[6]，国防科技进步一等奖1项，国防技术发明二等奖2项，国防科技进步三等奖2项，甘肃省科技进步一等奖2项，中国计量测试学会科一等奖2项，中国计量测试学会科 中文名成永军国    籍中国毕业院校西北工业大学主要成就陈嘉庚青年科学奖技术科学奖职    称研究员", "id": 122281, "chunk_index": 1, "url": "https://baike.baidu.com/item/%E6%88%90%E6%B0%B8%E5%86%9B/2760579?fr=aladdin", "name": "成永军", "institute": "兰州空间技术物理研究所", "main_info": 0}
{"当前任职": "真空一级计量站副主任", "教育工作履历": "unk", "成就奖项": "陈嘉庚青年科学奖技术科学奖，国防科技进步一等奖1项，国防技术发明二等奖1项，国防科技进步三等奖2项，甘肃省科技进步一等奖1项；在J.Vac.Sci.Technol.A、Mea.Sci.Technol、VACUUM、MAPAN、真空 VACUUM、MAPAN、真空科学与技UM、MAPAN、真空科学与技术学报等国内外知名学术期刊上发表论文50余篇；申报国家发明专利18项，目前已授权14项。", "个人简介": "长期从事真空计量基础科学研究，先后负责或参与国家自然科学基金项目、技术基础科研项目、国防计量重点科研项目十余项。因其在真空计量及航天应用领域做出了显著贡献，2010年被授予“中国空间技术研究院十大杰出青年”称号。", "id": 122281, "chunk_index": 1, "url": "http://www.lipcast.cn/articles/2012/02/20/article_10066_12821_1.html", "name": "成永军", "institute": "兰州空间技术物理研究所", "main_info": 0}
{"当前任职": "中国航天科技集团五院510所真空计量技术研究中心主任", "教育工作履历": "unk", "成就奖项": "国家技术发明二等奖1 项，国防科技进步一等奖1项，国防技术发明二等奖2项，国防科技进步三等奖2项，甘肃省科技进步一等奖2项，中国计量测试学会科一等奖2项，中国计量测试学会科", "个人简介": "男，1975年生，博士，研究员，博士生导师[4]。长期从事真空计量测试技术及仪器研究，研制的多台/套真空计量标准及仪器在军民领域获得广泛应用。研究成果获国家技术发明二等奖1 项[6]，国防科技进步一等奖1项，国防技术发明二等奖2项，国防科技进步三等奖2项，甘肃省科技进步一等奖2项，中国计量测试学会科一等奖2项，中国计量测试学会科 中文名成永军国    籍中国毕业院校西北工业大学主要成就陈嘉庚青年科学奖技术科学奖职    称研究员目录1人物贡献2成果介绍成永军人物贡献编辑播报成永军研究员一直以来从事真空计量学领域的实验研究工作[2]。", "id": 122281, "chunk_index": 1, "url": "https://baike.baidu.com/item/%E6%88%90%E6%B0%B8%E5%86%9B/2760579?fr=aladdin", "name": "成永军", "institute": "兰州空间技术物理研究所", "main_info": 0}
{"当前任职": "unk", "教育工作履历": "电子科学与技术硕士生导师", "成就奖项": "15项获得国家级科技奖励，国家科技进步特等奖4项，国家科技进步一等奖4项，国家技术发明二等奖1项，国家科技进步二等奖5项，国家科技进步三等奖1项；制定国家标准17项、国家军用标准44项、航天行业标准64项、集团标准23项、院级标准70项。编辑出版了我国第一部《真空设计手册》、第一部《中国星船材料空间效应数据手册》、第一部“真空科学技术”丛书以及《真空与低温》核心期刊。", "个人简介": "真空技术与物理李得天冯  焱成永军郭美如7", "id": 122281, "chunk_index": 1, "url": "http://www.lipcast.cn/articles/2023/01/16/article_10142_13959_1.html", "name": "成永军", "institute": "兰州空间技术物理研究所", "main_info": 0}
{"当前任职": "国防科技工业真空一级计量站常务副站长、中国航天科技集团有限公司五院510所真空计量技术研究中心主任", "教育工作履历": "博士生导师", "成就奖项": "入选国家“万人计划”科技创新领军人才、科技部创新人才推进计划“中青年科技创新领军人才”、中国航天科技集团学术技术带头人、中国空间技术研究院（航天五院）首席研究员。", "个人简介": "长期从事真空计量测试技术及仪器研究，中国计量测试学会理事兼真空计量专业委员会副主任委员、中国真空学会理事兼质谱分析和检漏专业委员会委员、学术秘书。", "id": 122281, "chunk_index": 1, "url": "http://zkkx.cbpt.cnki.net/WKE/WebPublication/wkTextContent.aspx?contentID=d2df02bc-aa55-4fbd-9275-54758747a388", "name": "成永军", "institute": "兰州空间技术物理研究所", "main_info": 0}
{"当前任职": "unk", "教育工作履历": "unk", "成就奖项": "unk", "个人简介": "研究方向：不确决策理论与方法，社会网络影响下的群体决策电子邮箱：cpwei@yzu.edu.cn一级学科：数学二级学科：数学教育研究方向：数学教育方向代码：070106研究涵盖：数学教师教育、数学课程与教学、数学教育评价、数学教育心理学、数学解题学等方向；重点研究领域是数学教师教育和数学课程与教学。研究成果：“十三五”以来承担高校哲学社会科学研究项目、江苏省高等教育教改研究课题等5项，相关研究成果发表在《课程.教材.教法》《高教探索》《数学教育学报》等学术期刊上，并出版《中学数学教材研究》《生长式自本课程的建设和教学》《线性代数》《计算机辅助数学教学》等教材。", "id": 78028, "chunk_index": 2, "url": "https://mp.weixin.qq.com/s?__biz=MzI5Mjk2MTI1Nw==&mid=2247576230&idx=1&sn=74310ce3be129b7688a1d88f4b055cc4&chksm=ec7a8420db0d0d36ba32d6ab53a203d2e48b4b052839c70c8f206a9f34af249982b3751e0d0d&scene=27", "name": "严钧", "institute": "扬州大学", "main_info": 0}
{"当前任职": "副教授", "教育工作履历": "unk", "成就奖项": "教育部高等学校科学研究优秀成果奖(科学技术)自然科学二等奖(排名5)，湖北省科学技术奖，主持并完成国家级项目2项，省部级项目2项，参与国家级项目2项，在JAP，IME，JMAA等杂志上发表论文数篇。", "个人简介": "招生方向：随机分析和大偏差理论及其在金融保险中的应用电子邮箱：junyan@yzu.edu.cn", "id": 78028, "chunk_index": 3, "url": "https://mp.weixin.qq.com/s?__biz=MzI5Mjk2MTI1Nw==&mid=2247576230&idx=1&sn=74310ce3be129b7688a1d88f4b055cc4&chksm=ec7a8420db0d0d36ba32d6ab53a203d2e48b4b052839c70c8f206a9f34af249982b3751e0d0d&scene=27", "name": "严钧", "institute": "扬州大学", "main_info": 0}
{"当前任职": "unk", "教育工作履历": "2005-2009扬州大学数学与应用数学理学学士2009-2011扬州大学基础数学硕士2011-2014扬州大学基础数学理学博士2012-2013日本东北大士2012-2013日本东北大学理学部访学", "成就奖项": "unk", "个人简介": "电子邮箱：junyan@yzu.edu.cn", "id": 78028, "chunk_index": 1, "url": "http://school.freekaoyan.com/js/yzu/daoshi/2021/03-06/16150319381369678.shtml", "name": "严钧", "institute": "扬州大学", "main_info": 0}
{"当前任职": "unk", "教育工作履历": "unk", "成就奖项": "unk", "个人简介": "-01-18经营期限：10年经营状态：在业成立时间：2007年05月25日职员人数：50人注册资本", "id": 125743, "chunk_index": 1, "url": "https://www.11467.com/suzhou/co/260950.htm", "name": "任国强", "institute": "苏州纳维科技有限公司", "main_info": 0}
{"当前任职": "unk", "教育工作履历": "unk", "成就奖项": "unk", "个人简介": "中共党员，物理学院2019级本科生。现任校学生会执行主席，党委学工部学生助理，应用物理学党支部副书记，班长。参加大会01为校争光2021年，徐博参加中共中央组织部、教育部联合举办的“全国大学生新党员培训示范班”，并作为全国唯一本科生代表在闭幕式上做主题发言，向全国的大学生展现了科大风采，实实在在地体现了“荣校”！脱贫振兴02爱国爱家2020年徐博又投身脱贫攻坚，帮助当地发展棚膜经济，在共青团中央指导活动中受到表彰。", "id": 118559, "chunk_index": 1, "url": "https://mp.weixin.qq.com/s?__biz=MjM5NDE5NTE5MQ==&mid=2650197118&idx=1&sn=549fbf6b3de13c6698807fb9316b4ef6&chksm=be891fe689fe96f0d7efcc1fdfecd7529fef2681f12b16e0767dc369fe757b88246eb5d361a9&scene=27", "name": "徐博", "institute": "湖南科技大学", "main_info": 0}
{"当前任职": "湖南科技大学潇湘学院副院长", "教育工作履历": "unk", "成就奖项": "2017年指导丁梓焰湖南科技大学师范类实习生讲课比赛十佳选手（8）2016年指导陈舒怀湖南科技大学师范类实习生讲课比赛十佳选手（9）2010年指导徐博湖南科技大学师范类实习生讲课比赛十佳选手（10）2011年指导全国高校体育教育专业学生基本功大赛一等奖（11）2012年指导湖南省普通高等学校体育教育专业学生基本功大赛一等奖（12）2013年指导湖南省普通高等学校体育教育专业学生基本功大赛一等奖（13）2015年指导湖南省普通高等学校体育教育专业学生基本功大赛一等奖", "个人简介": "1969年3月生，浙江宁波人，中共党员，教授，硕士生导师，国家级健身操指导员，湖南科技大学魅力教师，现任湖南科技大学潇湘学院副院长。主要研究领域为“体育心理”、“奥林匹克运动”、“全民健身”。... 1972年1月生，汉族，湖南湘潭人，本科，副教授，硕士研究生导师。毕业于湖南师范大学体育学院。主持湖南省十二五规划重点课题一项、湖南省社科基金项目一项、在各级刊物共发表论文30余篇。", "id": 118559, "chunk_index": 1, "url": "http://school.freekaoyan.com/hn/hnust/daoshi/2021/08-28/16301571091526855.shtml", "name": "徐博", "institute": "湖南科技大学", "main_info": 0}
{"当前任职": "unk", "教育工作履历": "扎根教学一线、注重实践培育拔尖人才。", "成就奖项": "主持高效低风险农药学科创新引智基地建设，构建了绿色农药创制平台，发现10余个农药新先导，研发出乙蒜素的清洁工艺1条，获农药登记并建成年产3000吨的原药生产线1条，近三年生产销售突破5000余万元。实现了创新药“香草硫缩病醚”年产300吨中试生产线建设和产业化。", "个人简介": "吴剑以“立德树人”为根本，出版专著及教材5部并用于教学，其中《农药合成》为农业部“十二五”规划教材，被10余所高等院校和涉农综合性大学采用；建设的《农药化学》入选全国课程思政示范课，深度参与建设绿色农药生产及试验示范实践基地", "id": 82593, "chunk_index": 1, "url": "https://baijiahao.baidu.com/s?id=1720659805186452680&wfr=spider&for=pc", "name": "吴剑", "institute": "贵州大学", "main_info": 0}
{"当前任职": "精细化工研究开发中心副主任", "教育工作履历": "unk", "成就奖项": "主赛道全国一等奖", "个人简介": "unk", "id": 82593, "chunk_index": 1, "url": "http://news.gzu.edu.cn/2022/0509/c11068a170085/page.htm", "name": "吴剑", "institute": "贵州大学", "main_info": 0}
{"当前任职": "副教授农药学绿色农药设计、合成及靶标发现与作用机制研究贵州大学", "教育工作履历": "博士1981.12", "成就奖项": "unk", "个人简介": "unk", "id": 82593, "chunk_index": 1, "url": "http://fcc.gzu.edu.cn/4235/list.htm", "name": "吴剑", "institute": "贵州大学", "main_info": 0}
